Section Name,Youtube Links
Lecture 1,https://www.youtube.com/watch?v=Ex36JA62ngc
Lecture 2,https://www.youtube.com/watch?v=WSfcE2rcTZc
Lecture 3,https://www.youtube.com/watch?v=ZFMeno60ZH0
Lecture 4,https://www.youtube.com/watch?v=vycMXBkz4ZI
Lecture 5,https://www.youtube.com/watch?v=SC8qTz901jg
Lecture 6,https://www.youtube.com/watch?v=xNEcQ7CRT_w
Lecture 7,https://www.youtube.com/watch?v=mtyegUFrSnw
Lecture 8,https://www.youtube.com/watch?v=1HouwBZh8NQ
Lecture 9,https://www.youtube.com/watch?v=biiSiEDfmII
Lecture 10,https://www.youtube.com/watch?v=OY5XBiJUMSo
